shape_pt_lat,shape_pt_lon,shape_pt_sequence,line,shape_id,global_seq
3.150787,101.760359,0,LRT Ampang,103075-shp_AG_0,0
3.142863,101.75951,1,LRT Ampang,103075-shp_AG_0,1
3.138825,101.753709,2,LRT Ampang,103075-shp_AG_0,2
3.125958,101.731529,3,LRT Ampang,103075-shp_AG_0,3
3.121994,101.724878,4,LRT Ampang,103075-shp_AG_0,4
3.120423,101.721709,5,LRT Ampang,103075-shp_AG_0,5
3.120263,101.720171,6,LRT Ampang,103075-shp_AG_0,6
3.120743,101.718474,7,LRT Ampang,103075-shp_AG_0,7
3.121375,101.717293,8,LRT Ampang,103075-shp_AG_0,8
3.123634,101.715816,9,LRT Ampang,103075-shp_AG_0,9
3.125304,101.715318,10,LRT Ampang,103075-shp_AG_0,10
3.128252,101.715645,11,LRT Ampang,103075-shp_AG_0,11
3.12983,101.715855,12,LRT Ampang,103075-shp_AG_0,12
3.131725,101.715312,13,LRT Ampang,103075-shp_AG_0,13
3.133349,101.71342,14,LRT Ampang,103075-shp_AG_0,14
3.135784,101.71145,15,LRT Ampang,103075-shp_AG_0,15
3.137232,101.709723,16,LRT Ampang,103075-shp_AG_0,16
3.1399,101.706109,17,LRT Ampang,103075-shp_AG_0,17
3.141196,101.70462,18,LRT Ampang,103075-shp_AG_0,18
3.14311,101.702969,19,LRT Ampang,103075-shp_AG_0,19
3.145197,101.701141,20,LRT Ampang,103075-shp_AG_0,20
3.145559,101.7002,21,LRT Ampang,103075-shp_AG_0,21
3.145807,101.699713,22,LRT Ampang,103075-shp_AG_0,22
3.146438,101.699212,23,LRT Ampang,103075-shp_AG_0,23
3.148117,101.697611,24,LRT Ampang,103075-shp_AG_0,24
3.150781,101.695274,25,LRT Ampang,103075-shp_AG_0,25
3.151241,101.694569,26,LRT Ampang,103075-shp_AG_0,26
3.151776,101.693848,27,LRT Ampang,103075-shp_AG_0,27
3.152417,101.693671,28,LRT Ampang,103075-shp_AG_0,28
3.153908,101.693961,29,LRT Ampang,103075-shp_AG_0,29
3.155335,101.694362,30,LRT Ampang,103075-shp_AG_0,30
3.156722,101.694501,31,LRT Ampang,103075-shp_AG_0,31
3.158011,101.694094,32,LRT Ampang,103075-shp_AG_0,32
3.159516,101.693718,33,LRT Ampang,103075-shp_AG_0,33
3.161637,101.694233,34,LRT Ampang,103075-shp_AG_0,34
3.16243,101.694355,35,LRT Ampang,103075-shp_AG_0,35
3.163646,101.693694,36,LRT Ampang,103075-shp_AG_0,36
3.164321,101.693596,37,LRT Ampang,103075-shp_AG_0,37
3.16538,101.693855,38,LRT Ampang,103075-shp_AG_0,38
3.168073,101.693286,39,LRT Ampang,103075-shp_AG_0,39
3.168763,101.693513,40,LRT Ampang,103075-shp_AG_0,40
3.169827,101.694416,41,LRT Ampang,103075-shp_AG_0,41
3.170848,101.695182,42,LRT Ampang,103075-shp_AG_0,42
3.171733,101.695441,43,LRT Ampang,103075-shp_AG_0,43
3.173987,101.695246,44,LRT Ampang,103075-shp_AG_0,44
3.17566,101.695426,45,LRT Ampang,103075-shp_AG_0,45
3.17686,101.695921,46,LRT Ampang,103075-shp_AG_0,46
3.179183,101.695376,47,LRT Ampang,103075-shp_AG_0,47
3.181569,101.69455,48,LRT Ampang,103075-shp_AG_0,48
3.182352,101.694553,49,LRT Ampang,103075-shp_AG_0,49
3.184515,101.695524,50,LRT Ampang,103075-shp_AG_0,50
2.996654,101.574614,0,LRT Kelana Jaya,103075-shp_KJ_0,10000
2.997445,101.573295,1,LRT Kelana Jaya,103075-shp_KJ_0,10001
2.99794,101.573027,2,LRT Kelana Jaya,103075-shp_KJ_0,10002
2.999754,101.572875,3,LRT Kelana Jaya,103075-shp_KJ_0,10003
3.002177,101.572836,4,LRT Kelana Jaya,103075-shp_KJ_0,10004
3.003115,101.572569,5,LRT Kelana Jaya,103075-shp_KJ_0,10005
3.005601,101.572107,6,LRT Kelana Jaya,103075-shp_KJ_0,10006
3.009549,101.572151,7,LRT Kelana Jaya,103075-shp_KJ_0,10007
3.011363,101.572117,8,LRT Kelana Jaya,103075-shp_KJ_0,10008
3.013015,101.571712,9,LRT Kelana Jaya,103075-shp_KJ_0,10009
3.0143,101.571734,10,LRT Kelana Jaya,103075-shp_KJ_0,10010
3.015893,101.572062,11,LRT Kelana Jaya,103075-shp_KJ_0,10011
3.020426,101.571976,12,LRT Kelana Jaya,103075-shp_KJ_0,10012
3.02509,101.572072,13,LRT Kelana Jaya,103075-shp_KJ_0,10013
3.029076,101.572074,14,LRT Kelana Jaya,103075-shp_KJ_0,10014
3.029783,101.572405,15,LRT Kelana Jaya,103075-shp_KJ_0,10015
3.030184,101.572902,16,LRT Kelana Jaya,103075-shp_KJ_0,10016
3.030528,101.574572,17,LRT Kelana Jaya,103075-shp_KJ_0,10017
3.030507,101.575562,18,LRT Kelana Jaya,103075-shp_KJ_0,10018
3.030263,101.577642,19,LRT Kelana Jaya,103075-shp_KJ_0,10019
3.029827,101.578578,20,LRT Kelana Jaya,103075-shp_KJ_0,10020
3.028968,101.579714,21,LRT Kelana Jaya,103075-shp_KJ_0,10021
3.028888,101.580529,22,LRT Kelana Jaya,103075-shp_KJ_0,10022
3.029438,101.581355,23,LRT Kelana Jaya,103075-shp_KJ_0,10023
3.030622,101.583141,24,LRT Kelana Jaya,103075-shp_KJ_0,10024
3.0308,101.583929,25,LRT Kelana Jaya,103075-shp_KJ_0,10025
3.030949,101.585649,26,LRT Kelana Jaya,103075-shp_KJ_0,10026
3.031365,101.586985,27,LRT Kelana Jaya,103075-shp_KJ_0,10027
3.031865,101.587606,28,LRT Kelana Jaya,103075-shp_KJ_0,10028
3.033044,101.588079,29,LRT Kelana Jaya,103075-shp_KJ_0,10029
3.035017,101.588107,30,LRT Kelana Jaya,103075-shp_KJ_0,10030
3.040659,101.588111,31,LRT Kelana Jaya,103075-shp_KJ_0,10031
3.045249,101.588251,32,LRT Kelana Jaya,103075-shp_KJ_0,10032
3.046111,101.58871,33,LRT Kelana Jaya,103075-shp_KJ_0,10033
3.048223,101.590483,34,LRT Kelana Jaya,103075-shp_KJ_0,10034
3.049734,101.591675,35,LRT Kelana Jaya,103075-shp_KJ_0,10035
3.050562,101.591907,36,LRT Kelana Jaya,103075-shp_KJ_0,10036
3.056611,101.591948,37,LRT Kelana Jaya,103075-shp_KJ_0,10037
3.058177,101.591995,38,LRT Kelana Jaya,103075-shp_KJ_0,10038
3.060054,101.592635,39,LRT Kelana Jaya,103075-shp_KJ_0,10039
3.061834,101.593177,40,LRT Kelana Jaya,103075-shp_KJ_0,10040
3.062585,101.592784,41,LRT Kelana Jaya,103075-shp_KJ_0,10041
3.062825,101.592332,42,LRT Kelana Jaya,103075-shp_KJ_0,10042
3.062825,101.591109,43,LRT Kelana Jaya,103075-shp_KJ_0,10043
3.062957,101.587256,44,LRT Kelana Jaya,103075-shp_KJ_0,10044
3.063273,101.586449,45,LRT Kelana Jaya,103075-shp_KJ_0,10045
3.06416,101.586071,46,LRT Kelana Jaya,103075-shp_KJ_0,10046
3.072775,101.586078,47,LRT Kelana Jaya,103075-shp_KJ_0,10047
3.077448,101.586148,48,LRT Kelana Jaya,103075-shp_KJ_0,10048
3.07828,101.585919,49,LRT Kelana Jaya,103075-shp_KJ_0,10049
3.081589,101.584002,50,LRT Kelana Jaya,103075-shp_KJ_0,10050
3.082756,101.583553,51,LRT Kelana Jaya,103075-shp_KJ_0,10051
3.083587,101.583804,52,LRT Kelana Jaya,103075-shp_KJ_0,10052
3.08476,101.585829,53,LRT Kelana Jaya,103075-shp_KJ_0,10053
3.084869,101.587634,54,LRT Kelana Jaya,103075-shp_KJ_0,10054
3.084815,101.589705,55,LRT Kelana Jaya,103075-shp_KJ_0,10055
3.085355,101.590695,56,LRT Kelana Jaya,103075-shp_KJ_0,10056
3.086267,101.59096,57,LRT Kelana Jaya,103075-shp_KJ_0,10057
3.087716,101.590347,58,LRT Kelana Jaya,103075-shp_KJ_0,10058
3.088652,101.590196,59,LRT Kelana Jaya,103075-shp_KJ_0,10059
3.089998,101.590421,60,LRT Kelana Jaya,103075-shp_KJ_0,10060
3.092795,101.591019,61,LRT Kelana Jaya,103075-shp_KJ_0,10061
3.094567,101.590934,62,LRT Kelana Jaya,103075-shp_KJ_0,10062
3.09721,101.5899,63,LRT Kelana Jaya,103075-shp_KJ_0,10063
3.099468,101.588811,64,LRT Kelana Jaya,103075-shp_KJ_0,10064
3.102254,101.587378,65,LRT Kelana Jaya,103075-shp_KJ_0,10065
3.106231,101.585903,66,LRT Kelana Jaya,103075-shp_KJ_0,10066
3.108654,101.58668,67,LRT Kelana Jaya,103075-shp_KJ_0,10067
3.112205,101.588278,68,LRT Kelana Jaya,103075-shp_KJ_0,10068
3.112725,101.58926,69,LRT Kelana Jaya,103075-shp_KJ_0,10069
3.112665,101.590222,70,LRT Kelana Jaya,103075-shp_KJ_0,10070
3.111541,101.592025,71,LRT Kelana Jaya,103075-shp_KJ_0,10071
3.111155,101.592866,72,LRT Kelana Jaya,103075-shp_KJ_0,10072
3.111078,101.594948,73,LRT Kelana Jaya,103075-shp_KJ_0,10073
3.11206,101.596693,74,LRT Kelana Jaya,103075-shp_KJ_0,10074
3.113388,101.599581,75,LRT Kelana Jaya,103075-shp_KJ_0,10075
3.113412,101.600506,76,LRT Kelana Jaya,103075-shp_KJ_0,10076
3.110107,101.615494,77,LRT Kelana Jaya,103075-shp_KJ_0,10077
3.107262,101.619384,78,LRT Kelana Jaya,103075-shp_KJ_0,10078
3.104095,101.624128,79,LRT Kelana Jaya,103075-shp_KJ_0,10079
3.103339,101.626787,80,LRT Kelana Jaya,103075-shp_KJ_0,10080
3.103364,101.628974,81,LRT Kelana Jaya,103075-shp_KJ_0,10081
3.104729,101.64029,82,LRT Kelana Jaya,103075-shp_KJ_0,10082
3.104676,101.642032,83,LRT Kelana Jaya,103075-shp_KJ_0,10083
3.103846,101.646958,84,LRT Kelana Jaya,103075-shp_KJ_0,10084
3.103697,101.649041,85,LRT Kelana Jaya,103075-shp_KJ_0,10085
3.10383,101.650139,86,LRT Kelana Jaya,103075-shp_KJ_0,10086
3.10697,101.65525,87,LRT Kelana Jaya,103075-shp_KJ_0,10087
3.108249,101.656897,88,LRT Kelana Jaya,103075-shp_KJ_0,10088
3.11304,101.659023,89,LRT Kelana Jaya,103075-shp_KJ_0,10089
3.113735,101.659527,90,LRT Kelana Jaya,103075-shp_KJ_0,10090
3.114537,101.661155,91,LRT Kelana Jaya,103075-shp_KJ_0,10091
3.114767,101.665927,92,LRT Kelana Jaya,103075-shp_KJ_0,10092
3.11554,101.667385,93,LRT Kelana Jaya,103075-shp_KJ_0,10093
3.115457,101.669148,94,LRT Kelana Jaya,103075-shp_KJ_0,10094
3.115109,101.670389,95,LRT Kelana Jaya,103075-shp_KJ_0,10095
3.115105,101.671414,96,LRT Kelana Jaya,103075-shp_KJ_0,10096
3.115628,101.672011,97,LRT Kelana Jaya,103075-shp_KJ_0,10097
3.116929,101.672284,98,LRT Kelana Jaya,103075-shp_KJ_0,10098
3.119117,101.673023,99,LRT Kelana Jaya,103075-shp_KJ_0,10099
3.120071,101.673413,100,LRT Kelana Jaya,103075-shp_KJ_0,10100
3.122889,101.676054,101,LRT Kelana Jaya,103075-shp_KJ_0,10101
3.124865,101.677679,102,LRT Kelana Jaya,103075-shp_KJ_0,10102
3.126582,101.678406,103,LRT Kelana Jaya,103075-shp_KJ_0,10103
3.128481,101.679788,104,LRT Kelana Jaya,103075-shp_KJ_0,10104
3.129336,101.6811,105,LRT Kelana Jaya,103075-shp_KJ_0,10105
3.131279,101.682701,106,LRT Kelana Jaya,103075-shp_KJ_0,10106
3.133026,101.684566,107,LRT Kelana Jaya,103075-shp_KJ_0,10107
3.13499,101.687934,108,LRT Kelana Jaya,103075-shp_KJ_0,10108
3.136372,101.690122,109,LRT Kelana Jaya,103075-shp_KJ_0,10109
3.137196,101.692181,110,LRT Kelana Jaya,103075-shp_KJ_0,10110
3.138206,101.694042,111,LRT Kelana Jaya,103075-shp_KJ_0,10111
3.139677,101.694783,112,LRT Kelana Jaya,103075-shp_KJ_0,10112
3.141722,101.695402,113,LRT Kelana Jaya,103075-shp_KJ_0,10113
3.143644,101.695352,114,LRT Kelana Jaya,103075-shp_KJ_0,10114
3.14418,101.695184,115,LRT Kelana Jaya,103075-shp_KJ_0,10115
3.145192,101.694934,116,LRT Kelana Jaya,103075-shp_KJ_0,10116
3.147681,101.69546,117,LRT Kelana Jaya,103075-shp_KJ_0,10117
3.148494,101.696038,118,LRT Kelana Jaya,103075-shp_KJ_0,10118
3.149714,101.696815,119,LRT Kelana Jaya,103075-shp_KJ_0,10119
3.150733,101.697538,120,LRT Kelana Jaya,103075-shp_KJ_0,10120
3.151964,101.698103,121,LRT Kelana Jaya,103075-shp_KJ_0,10121
3.152619,101.69952,122,LRT Kelana Jaya,103075-shp_KJ_0,10122
3.154646,101.70095,123,LRT Kelana Jaya,103075-shp_KJ_0,10123
3.15578,101.701637,124,LRT Kelana Jaya,103075-shp_KJ_0,10124
3.156942,101.701975,125,LRT Kelana Jaya,103075-shp_KJ_0,10125
3.158879,101.703576,126,LRT Kelana Jaya,103075-shp_KJ_0,10126
3.160242,101.704288,127,LRT Kelana Jaya,103075-shp_KJ_0,10127
3.161003,101.705901,128,LRT Kelana Jaya,103075-shp_KJ_0,10128
3.161366,101.706817,129,LRT Kelana Jaya,103075-shp_KJ_0,10129
3.161296,101.707744,130,LRT Kelana Jaya,103075-shp_KJ_0,10130
3.160445,101.708931,131,LRT Kelana Jaya,103075-shp_KJ_0,10131
3.159326,101.709656,132,LRT Kelana Jaya,103075-shp_KJ_0,10132
3.159269,101.71134,133,LRT Kelana Jaya,103075-shp_KJ_0,10133
3.15943,101.714317,134,LRT Kelana Jaya,103075-shp_KJ_0,10134
3.160401,101.716114,135,LRT Kelana Jaya,103075-shp_KJ_0,10135
3.160359,101.717686,136,LRT Kelana Jaya,103075-shp_KJ_0,10136
3.159906,101.719561,137,LRT Kelana Jaya,103075-shp_KJ_0,10137
3.160371,101.720714,138,LRT Kelana Jaya,103075-shp_KJ_0,10138
3.161196,101.721342,139,LRT Kelana Jaya,103075-shp_KJ_0,10139
3.16275,101.721492,140,LRT Kelana Jaya,103075-shp_KJ_0,10140
3.164076,101.721874,141,LRT Kelana Jaya,103075-shp_KJ_0,10141
3.164643,101.722711,142,LRT Kelana Jaya,103075-shp_KJ_0,10142
3.164717,101.723563,143,LRT Kelana Jaya,103075-shp_KJ_0,10143
3.164294,101.725399,144,LRT Kelana Jaya,103075-shp_KJ_0,10144
3.164622,101.727319,145,LRT Kelana Jaya,103075-shp_KJ_0,10145
3.164918,101.729689,146,LRT Kelana Jaya,103075-shp_KJ_0,10146
3.165034,101.734751,147,LRT Kelana Jaya,103075-shp_KJ_0,10147
3.165847,101.735235,148,LRT Kelana Jaya,103075-shp_KJ_0,10148
3.172701,101.735098,149,LRT Kelana Jaya,103075-shp_KJ_0,10149
3.175643,101.735781,150,LRT Kelana Jaya,103075-shp_KJ_0,10150
3.17952,101.737727,151,LRT Kelana Jaya,103075-shp_KJ_0,10151
3.187226,101.740185,152,LRT Kelana Jaya,103075-shp_KJ_0,10152
3.190959,101.740722,153,LRT Kelana Jaya,103075-shp_KJ_0,10153
3.195388,101.738755,154,LRT Kelana Jaya,103075-shp_KJ_0,10154
3.199176,101.73747,155,LRT Kelana Jaya,103075-shp_KJ_0,10155
3.202879,101.735831,156,LRT Kelana Jaya,103075-shp_KJ_0,10156
3.208729,101.728097,157,LRT Kelana Jaya,103075-shp_KJ_0,10157
3.211311,101.72613,158,LRT Kelana Jaya,103075-shp_KJ_0,10158
3.215579,101.725092,159,LRT Kelana Jaya,103075-shp_KJ_0,10159
3.220025,101.72154,160,LRT Kelana Jaya,103075-shp_KJ_0,10160
3.222355,101.719822,161,LRT Kelana Jaya,103075-shp_KJ_0,10161
3.225636,101.722426,162,LRT Kelana Jaya,103075-shp_KJ_0,10162
3.227069,101.723932,163,LRT Kelana Jaya,103075-shp_KJ_0,10163
3.228184,101.724367,164,LRT Kelana Jaya,103075-shp_KJ_0,10164
3.132852,101.687817,0,KL Monorail,103075-shp_MR_0,30000
3.130795,101.689255,1,KL Monorail,103075-shp_MR_0,30001
3.13009,101.689829,2,KL Monorail,103075-shp_MR_0,30002
3.130324,101.690546,3,KL Monorail,103075-shp_MR_0,30003
3.131785,101.691082,4,KL Monorail,103075-shp_MR_0,30004
3.132671,101.691858,5,KL Monorail,103075-shp_MR_0,30005
3.132954,101.692978,6,KL Monorail,103075-shp_MR_0,30006
3.133384,101.693819,7,KL Monorail,103075-shp_MR_0,30007
3.134975,101.694204,8,KL Monorail,103075-shp_MR_0,30008
3.136684,101.694315,9,KL Monorail,103075-shp_MR_0,30009
3.137458,101.694978,10,KL Monorail,103075-shp_MR_0,30010
3.139154,101.696456,11,KL Monorail,103075-shp_MR_0,30011
3.139733,101.697582,12,KL Monorail,103075-shp_MR_0,30012
3.139415,101.698665,13,KL Monorail,103075-shp_MR_0,30013
3.138024,101.700282,14,KL Monorail,103075-shp_MR_0,30014
3.137433,101.701556,15,KL Monorail,103075-shp_MR_0,30015
3.137005,101.703403,16,KL Monorail,103075-shp_MR_0,30016
3.137289,101.704028,17,KL Monorail,103075-shp_MR_0,30017
3.138825,101.705064,18,KL Monorail,103075-shp_MR_0,30018
3.139953,101.705381,19,KL Monorail,103075-shp_MR_0,30019
3.141064,101.706412,20,KL Monorail,103075-shp_MR_0,30020
3.142524,101.708492,21,KL Monorail,103075-shp_MR_0,30021
3.143362,101.711241,22,KL Monorail,103075-shp_MR_0,30022
3.143637,101.712041,23,KL Monorail,103075-shp_MR_0,30023
3.145028,101.711825,24,KL Monorail,103075-shp_MR_0,30024
3.147497,101.710999,25,KL Monorail,103075-shp_MR_0,30025
3.149312,101.710996,26,KL Monorail,103075-shp_MR_0,30026
3.150138,101.710678,27,KL Monorail,103075-shp_MR_0,30027
3.152493,101.709653,28,KL Monorail,103075-shp_MR_0,30028
3.153066,101.70892,29,KL Monorail,103075-shp_MR_0,30029
3.153633,101.707977,30,KL Monorail,103075-shp_MR_0,30030
3.155059,101.706277,31,KL Monorail,103075-shp_MR_0,30031
3.155503,101.705389,32,KL Monorail,103075-shp_MR_0,30032
3.156479,101.704713,33,KL Monorail,103075-shp_MR_0,30033
3.157785,101.703846,34,KL Monorail,103075-shp_MR_0,30034
3.158744,101.701822,35,KL Monorail,103075-shp_MR_0,30035
3.159171,101.700125,36,KL Monorail,103075-shp_MR_0,30036
3.159654,101.697368,37,KL Monorail,103075-shp_MR_0,30037
3.160131,101.697064,38,KL Monorail,103075-shp_MR_0,30038
3.16131,101.697429,39,KL Monorail,103075-shp_MR_0,30039
3.16343,101.698052,40,KL Monorail,103075-shp_MR_0,30040
3.170148,101.698412,41,KL Monorail,103075-shp_MR_0,30041
3.172633,101.699074,42,KL Monorail,103075-shp_MR_0,30042
3.173566,101.699279,43,KL Monorail,103075-shp_MR_0,30043
3.173968,101.698868,44,KL Monorail,103075-shp_MR_0,30044
3.173844,101.697642,45,KL Monorail,103075-shp_MR_0,30045
3.173152,101.695806,46,KL Monorail,103075-shp_MR_0,30046
2.997137,101.57332,0,LRT Sri Petaling,103075-shp_PH_0,20000
2.994334,101.578609,1,LRT Sri Petaling,103075-shp_PH_0,20001
2.99379,101.580565,2,LRT Sri Petaling,103075-shp_PH_0,20002
2.99482,101.582619,3,LRT Sri Petaling,103075-shp_PH_0,20003
2.995317,101.584459,4,LRT Sri Petaling,103075-shp_PH_0,20004
2.994937,101.591147,5,LRT Sri Petaling,103075-shp_PH_0,20005
2.994403,101.593888,6,LRT Sri Petaling,103075-shp_PH_0,20006
2.994728,101.594646,7,LRT Sri Petaling,103075-shp_PH_0,20007
2.998073,101.596063,8,LRT Sri Petaling,103075-shp_PH_0,20008
3.003855,101.598203,9,LRT Sri Petaling,103075-shp_PH_0,20009
3.006673,101.597933,10,LRT Sri Petaling,103075-shp_PH_0,20010
3.007197,101.598009,11,LRT Sri Petaling,103075-shp_PH_0,20011
3.007901,101.598679,12,LRT Sri Petaling,103075-shp_PH_0,20012
3.00791,101.600225,13,LRT Sri Petaling,103075-shp_PH_0,20013
3.007866,101.602664,14,LRT Sri Petaling,103075-shp_PH_0,20014
3.007848,101.60579,15,LRT Sri Petaling,103075-shp_PH_0,20015
3.008081,101.606812,16,LRT Sri Petaling,103075-shp_PH_0,20016
3.008871,101.607721,17,LRT Sri Petaling,103075-shp_PH_0,20017
3.009763,101.608679,18,LRT Sri Petaling,103075-shp_PH_0,20018
3.009938,101.609344,19,LRT Sri Petaling,103075-shp_PH_0,20019
3.010266,101.611593,20,LRT Sri Petaling,103075-shp_PH_0,20020
3.01214,101.612722,21,LRT Sri Petaling,103075-shp_PH_0,20021
3.012998,101.61281,22,LRT Sri Petaling,103075-shp_PH_0,20022
3.0145,101.612511,23,LRT Sri Petaling,103075-shp_PH_0,20023
3.016411,101.612709,24,LRT Sri Petaling,103075-shp_PH_0,20024
3.018386,101.613103,25,LRT Sri Petaling,103075-shp_PH_0,20025
3.020891,101.612975,26,LRT Sri Petaling,103075-shp_PH_0,20026
3.023666,101.613706,27,LRT Sri Petaling,103075-shp_PH_0,20027
3.027826,101.614532,28,LRT Sri Petaling,103075-shp_PH_0,20028
3.029483,101.614655,29,LRT Sri Petaling,103075-shp_PH_0,20029
3.030613,101.614815,30,LRT Sri Petaling,103075-shp_PH_0,20030
3.031823,101.615435,31,LRT Sri Petaling,103075-shp_PH_0,20031
3.034234,101.616417,32,LRT Sri Petaling,103075-shp_PH_0,20032
3.037727,101.617212,33,LRT Sri Petaling,103075-shp_PH_0,20033
3.039508,101.617722,34,LRT Sri Petaling,103075-shp_PH_0,20034
3.043725,101.618698,35,LRT Sri Petaling,103075-shp_PH_0,20035
3.050585,101.622416,36,LRT Sri Petaling,103075-shp_PH_0,20036
3.05122,101.623055,37,LRT Sri Petaling,103075-shp_PH_0,20037
3.051264,101.623787,38,LRT Sri Petaling,103075-shp_PH_0,20038
3.050607,101.624934,39,LRT Sri Petaling,103075-shp_PH_0,20039
3.050089,101.626153,40,LRT Sri Petaling,103075-shp_PH_0,20040
3.049621,101.630943,41,LRT Sri Petaling,103075-shp_PH_0,20041
3.049506,101.636775,42,LRT Sri Petaling,103075-shp_PH_0,20042
3.049484,101.641815,43,LRT Sri Petaling,103075-shp_PH_0,20043
3.050326,101.64398,44,LRT Sri Petaling,103075-shp_PH_0,20044
3.051168,101.6463,45,LRT Sri Petaling,103075-shp_PH_0,20045
3.051495,101.649808,46,LRT Sri Petaling,103075-shp_PH_0,20046
3.053282,101.653407,47,LRT Sri Petaling,103075-shp_PH_0,20047
3.054847,101.656892,48,LRT Sri Petaling,103075-shp_PH_0,20048
3.055934,101.659021,49,LRT Sri Petaling,103075-shp_PH_0,20049
3.056826,101.659384,50,LRT Sri Petaling,103075-shp_PH_0,20050
3.06013,101.659328,51,LRT Sri Petaling,103075-shp_PH_0,20051
3.061091,101.659733,52,LRT Sri Petaling,103075-shp_PH_0,20052
3.061802,101.660689,53,LRT Sri Petaling,103075-shp_PH_0,20053
3.061914,101.667905,54,LRT Sri Petaling,103075-shp_PH_0,20054
3.062143,101.670582,55,LRT Sri Petaling,103075-shp_PH_0,20055
3.062506,101.672518,56,LRT Sri Petaling,103075-shp_PH_0,20056
3.063112,101.676308,57,LRT Sri Petaling,103075-shp_PH_0,20057
3.061565,101.680935,58,LRT Sri Petaling,103075-shp_PH_0,20058
3.06105,101.682889,59,LRT Sri Petaling,103075-shp_PH_0,20059
3.061356,101.684641,60,LRT Sri Petaling,103075-shp_PH_0,20060
3.061616,101.688688,61,LRT Sri Petaling,103075-shp_PH_0,20061
3.061396,101.689872,62,LRT Sri Petaling,103075-shp_PH_0,20062
3.060632,101.690732,63,LRT Sri Petaling,103075-shp_PH_0,20063
3.059112,101.691349,64,LRT Sri Petaling,103075-shp_PH_0,20064
3.057191,101.693223,65,LRT Sri Petaling,103075-shp_PH_0,20065
3.056802,101.694351,66,LRT Sri Petaling,103075-shp_PH_0,20066
3.05707,101.695739,67,LRT Sri Petaling,103075-shp_PH_0,20067
3.058095,101.697032,68,LRT Sri Petaling,103075-shp_PH_0,20068
3.059184,101.701018,69,LRT Sri Petaling,103075-shp_PH_0,20069
3.060044,101.70297,70,LRT Sri Petaling,103075-shp_PH_0,20070
3.060514,101.706151,71,LRT Sri Petaling,103075-shp_PH_0,20071
3.061361,101.707369,72,LRT Sri Petaling,103075-shp_PH_0,20072
3.064618,101.708105,73,LRT Sri Petaling,103075-shp_PH_0,20073
3.071646,101.708946,74,LRT Sri Petaling,103075-shp_PH_0,20074
3.073726,101.709509,75,LRT Sri Petaling,103075-shp_PH_0,20075
3.076915,101.711982,76,LRT Sri Petaling,103075-shp_PH_0,20076
3.079009,101.714711,77,LRT Sri Petaling,103075-shp_PH_0,20077
3.081396,101.715692,78,LRT Sri Petaling,103075-shp_PH_0,20078
3.084332,101.715786,79,LRT Sri Petaling,103075-shp_PH_0,20079
3.0857,101.714638,80,LRT Sri Petaling,103075-shp_PH_0,20080
3.087868,101.713228,81,LRT Sri Petaling,103075-shp_PH_0,20081
3.09186,101.712054,82,LRT Sri Petaling,103075-shp_PH_0,20082
3.094051,101.711315,83,LRT Sri Petaling,103075-shp_PH_0,20083
3.098126,101.706484,84,LRT Sri Petaling,103075-shp_PH_0,20084
3.100086,101.705916,85,LRT Sri Petaling,103075-shp_PH_0,20085
3.103104,101.706555,86,LRT Sri Petaling,103075-shp_PH_0,20086
3.105692,101.708884,87,LRT Sri Petaling,103075-shp_PH_0,20087
3.116794,101.71682,88,LRT Sri Petaling,103075-shp_PH_0,20088
3.120686,101.716893,89,LRT Sri Petaling,103075-shp_PH_0,20089
3.123634,101.715816,90,LRT Sri Petaling,103075-shp_PH_0,20090
3.125304,101.715318,91,LRT Sri Petaling,103075-shp_PH_0,20091
3.128252,101.715645,92,LRT Sri Petaling,103075-shp_PH_0,20092
3.12983,101.715855,93,LRT Sri Petaling,103075-shp_PH_0,20093
3.131725,101.715312,94,LRT Sri Petaling,103075-shp_PH_0,20094
3.133349,101.71342,95,LRT Sri Petaling,103075-shp_PH_0,20095
3.135784,101.71145,96,LRT Sri Petaling,103075-shp_PH_0,20096
3.137232,101.709723,97,LRT Sri Petaling,103075-shp_PH_0,20097
3.1399,101.706109,98,LRT Sri Petaling,103075-shp_PH_0,20098
3.141196,101.70462,99,LRT Sri Petaling,103075-shp_PH_0,20099
3.14311,101.702969,100,LRT Sri Petaling,103075-shp_PH_0,20100
3.145197,101.701141,101,LRT Sri Petaling,103075-shp_PH_0,20101
3.145559,101.7002,102,LRT Sri Petaling,103075-shp_PH_0,20102
3.145807,101.699713,103,LRT Sri Petaling,103075-shp_PH_0,20103
3.146438,101.699212,104,LRT Sri Petaling,103075-shp_PH_0,20104
3.148117,101.697611,105,LRT Sri Petaling,103075-shp_PH_0,20105
3.150781,101.695274,106,LRT Sri Petaling,103075-shp_PH_0,20106
3.151241,101.694569,107,LRT Sri Petaling,103075-shp_PH_0,20107
3.151776,101.693848,108,LRT Sri Petaling,103075-shp_PH_0,20108
3.152417,101.693671,109,LRT Sri Petaling,103075-shp_PH_0,20109
3.153908,101.693961,110,LRT Sri Petaling,103075-shp_PH_0,20110
3.155335,101.694362,111,LRT Sri Petaling,103075-shp_PH_0,20111
3.156722,101.694501,112,LRT Sri Petaling,103075-shp_PH_0,20112
3.158011,101.694094,113,LRT Sri Petaling,103075-shp_PH_0,20113
3.159516,101.693718,114,LRT Sri Petaling,103075-shp_PH_0,20114
3.161637,101.694233,115,LRT Sri Petaling,103075-shp_PH_0,20115
3.16243,101.694355,116,LRT Sri Petaling,103075-shp_PH_0,20116
3.163646,101.693694,117,LRT Sri Petaling,103075-shp_PH_0,20117
3.164321,101.693596,118,LRT Sri Petaling,103075-shp_PH_0,20118
3.16538,101.693855,119,LRT Sri Petaling,103075-shp_PH_0,20119
3.168073,101.693286,120,LRT Sri Petaling,103075-shp_PH_0,20120
3.168763,101.693513,121,LRT Sri Petaling,103075-shp_PH_0,20121
3.169827,101.694416,122,LRT Sri Petaling,103075-shp_PH_0,20122
3.170848,101.695182,123,LRT Sri Petaling,103075-shp_PH_0,20123
3.171733,101.695441,124,LRT Sri Petaling,103075-shp_PH_0,20124
3.173987,101.695246,125,LRT Sri Petaling,103075-shp_PH_0,20125
3.17566,101.695426,126,LRT Sri Petaling,103075-shp_PH_0,20126
3.17686,101.695921,127,LRT Sri Petaling,103075-shp_PH_0,20127
3.179183,101.695376,128,LRT Sri Petaling,103075-shp_PH_0,20128
3.181569,101.69455,129,LRT Sri Petaling,103075-shp_PH_0,20129
3.182352,101.694553,130,LRT Sri Petaling,103075-shp_PH_0,20130
3.184515,101.695524,131,LRT Sri Petaling,103075-shp_PH_0,20131
3.1704,101.5687,0,MRT Kajang,mrt_kgl,40000
3.1621,101.5746,1,MRT Kajang,mrt_kgl,40001
3.1594,101.586,2,MRT Kajang,mrt_kgl,40002
3.1575,101.6058,3,MRT Kajang,mrt_kgl,40003
3.1555,101.6138,4,MRT Kajang,mrt_kgl,40004
3.149,101.6178,5,MRT Kajang,mrt_kgl,40005
3.1427,101.6308,6,MRT Kajang,mrt_kgl,40006
3.1365,101.6421,7,MRT Kajang,mrt_kgl,40007
3.1559,101.6688,8,MRT Kajang,mrt_kgl,40008
3.1436,101.6864,9,MRT Kajang,mrt_kgl,40009
3.1431,101.6962,10,MRT Kajang,mrt_kgl,40010
3.1475,101.701,11,MRT Kajang,mrt_kgl,40011
3.1477,101.7107,12,MRT Kajang,mrt_kgl,40012
3.1409,101.72,13,MRT Kajang,mrt_kgl,40013
3.1254,101.7264,14,MRT Kajang,mrt_kgl,40014
3.1157,101.7299,15,MRT Kajang,mrt_kgl,40015
3.1098,101.7406,16,MRT Kajang,mrt_kgl,40016
3.1009,101.7467,17,MRT Kajang,mrt_kgl,40017
3.0938,101.7487,18,MRT Kajang,mrt_kgl,40018
3.0855,101.7521,19,MRT Kajang,mrt_kgl,40019
3.0668,101.7562,20,MRT Kajang,mrt_kgl,40020
3.0426,101.7659,21,MRT Kajang,mrt_kgl,40021
2.9929,101.79,22,MRT Kajang,mrt_kgl,40022
